fips,county,ypll_rate,low_birth_weight_pct,poor_or_fair_health_pct,injury_death_rate,flu_vaccinations_pct,access_exercise_pct,food_environment_index,primary_care_rate,mental_health_provider_rate,preventable_hosp_rate,mammography_pct,severe_housing_pct,income_ratio,life_expectancy,premature_age_adj_mortality,child_mortality_rate,infant_mortality_rate,suicide_rate,homicide_rate,motor_vehicle_mortality_rate,firearm_fatality_rate,drug_overdose_mortality_rate,frequent_physical_distress_pct,diabetes_prevalence_pct,hiv_prevalence_rate,obesity_prevalence_pct,frequent_mental_distress_pct,adult_smoking_pct,physical_inactivity_pct,excessive_drinking_pct,insufficient_sleep_pct,teen_birth_rate,chlamydia_rate,loneliness_pct,food_insecurity_pct,uninsured_adults_pct,uninsured_children_pct
37001,Alamance,9570.5766712,9.4746295465,19.7,98.306630392,50,80.55654406,7.2,38.53299,192.00179,2740,45,13.157894737,4.3171938505,75.398043748,461.00775992,56.771872629,7.1980205444,12.407518111,6.9515089861,14.411664971,14.22705683,31.826617789,13.6,11.3,343.2,38.0,17.8,17.3,25.8,19.589262277,36.7,15.131578947,480.3,32.2,14.3,15.376929708,5.1864389652
37003,Alexander,10846.763323,8.1649151172,17.3,91.670396394,44,47.256064098,7.4,19.10272,90.47789,2975,46,9.6331974805,3.8472704757,74.110219268,520.36632898,62.498046936,,19.077714685,5.3812831285,18.450113584,18.334079279,23.508775102,12.9,9.7,161.4,33.8,17.6,16.2,22.7,20.563716948,34.3,17.944081235,183.5,31.3,14.9,14.364933938,4.9382716049
37005,Alleghany,8598.0525654,8.6257309942,21.1,120.23113089,45,64.887950037,7.3,99.55651999999999,229.23647,2237,44,12.893081761,4.3874273187,77.26032233,423.47712224,,,29.962293431,,24.482958572,21.533933891,,15.2,11.1,70.7,36.6,19.7,19.6,27.2,19.395531165,35.1,29.792017988,143.0,32.4,18.0,20.450778919,6.863780359
37007,Anson,15560.325955,15.363735071,23.4,130.86113424,42,36.005440943,7.5,45.33092,86.76988,3011,44,18.794749403,4.6597134429,70.38965243,711.92741723,123.1284476,,14.346928987,22.602768244,29.145674841,29.741166873,30.720168522,15.1,13.9,412.9,43.1,18.9,20.1,29.0,16.409779062,41.0,30.833151104,887.3,32.9,16.1,15.456368233,4.3597352203
37009,Ashe,9771.2456655,8.9972527473,17.8,98.300800449,50,56.413440193,6.8,48.66909,177.36392999999998,2232,42,8.9978678038,4.3057689025,75.700201121,474.42706572,,,27.334779729,,16.386510202,19.955801595,17.28672503,13.3,9.6,54.0,33.9,18.1,17.4,24.1,20.969580041,33.9,25.101909461,136.5,31.9,16.2,15.757656281,6.4564564565
37011,Avery,9110.6063518,8.9490114464,17.4,87.43243857,49,100.0,8.1,22.3914,478.33267,1707,36,10.736677116,4.7146460786,75.88210899,430.62447113,,,16.929836182,,14.619883041,22.709724304,,13.2,10.1,164.2,33.1,17.7,17.0,22.6,21.323780747,33.8,17.666853617,130.9,31.3,15.3,18.179795283,6.7184466019
37013,Beaufort,12292.83971,11.608894702,19.9,112.22953986,52,85.586311923,7.1,51.722590000000004,206.82988,2983,54,14.800861141,5.1506526951,73.732709978,527.07704581,93.682744651,10.124101894,18.10750122,7.7041602465,20.338983051,17.834926877,42.70577927,14.0,11.5,312.2,38.3,18.2,17.1,26.1,18.144912979,35.4,23.503325942,542.1,30.6,15.7,14.749299027,4.9647005238
37015,Bertie,14627.582675,14.112554113,25.4,103.90462649,34,49.581799933,5.4,28.56327,70.9136,3101,48,21.210013908,5.2912664731,71.951656695,630.69640265,94.73147271,,13.398952773,17.623440709,26.052042787,19.687192388,39.283910433,15.7,14.9,459.2,43.5,18.5,21.0,29.9,16.14093966,43.8,32.323232323,933.9,33.5,16.0,13.774724624,5.4381711119
37017,Bladen,16587.919219,11.323051948,20.9,153.36451323,37,46.669594001,6.9,23.70872,101.7501,3752,47,19.016536118,6.1479119397,70.337360105,735.29082803,93.754507428,8.6705202312,12.812224069,16.443494376,43.108620391,22.180818029,67.477852028,14.2,12.7,346.9,38.6,18.0,17.7,28.2,17.365873641,38.2,30.996884735,577.3,33.1,17.5,17.224341735,4.953145917
37019,Brunswick,10047.602349,8.5209003215,14.8,102.49599797,57,76.812272757,7.6,43.684779999999996,125.65326999999999,2339,59,14.115204982,3.9159118485,77.058210536,405.04480909,62.880808344,7.1526822558,18.068224026,4.6760703118,17.891051628,14.878451319,37.193212015,11.6,9.2,150.4,30.9,16.9,13.9,19.8,20.568514333,36.3,20.868411654,260.7,29.1,13.5,11.764263888,4.6119794019
37021,Buncombe,8557.0057768,8.8824365963,13.3,110.31730146,55,76.273696243,7.3,140.6822,895.61111,1874,47,13.507120444,4.5837174598,77.403702065,391.96842894,52.735724019,5.1483063242,17.912315804,4.341717008,12.10253616,13.996601685,46.500123671,10.5,8.0,297.5,26.2,15.4,11.1,18.4,21.084253651,27.7,13.86304619,344.7,31.0,14.5,15.42914135,5.3175064664
37023,Burke,11521.193535,8.6044591247,18.4,108.77910009,49,59.47470595,6.7,62.77751000000001,330.54857000000004,1879,46,11.36,4.5535655468,74.169901722,542.91953337,57.266740295,7.5286415712,15.080469561,5.6007079295,17.762245148,14.996295691,51.14512429,13.6,10.4,138.9,32.0,17.6,17.3,24.4,18.95831333,35.2,24.287836703,273.1,30.4,17.2,15.757023479,5.8158522799
37025,Cabarrus,7537.1455383,8.8444687842,15.3,79.186705949,49,61.908115002,8.1,79.12555,346.22692,3900,46,11.632094978,4.2368651263,77.189573148,376.89163961,46.921997193,5.364747525,9.9346491598,4.1316595958,12.001487397,10.749326599,31.079624837,11.0,9.9,259.0,34.6,15.4,12.2,21.4,19.630545787,34.3,13.66647738,537.8,28.5,11.5,10.747611642,4.11074241
37027,Caldwell,12862.81242,9.4574780059,18.9,107.05639122,50,79.838069732,6.4,49.71229,110.45746999999999,2681,47,11.494974874,4.4030418251,72.358851842,602.9641657,67.825349724,6.3567017799,19.054078943,5.7824535827,15.069424488,18.90674799,45.668675814,14.0,10.5,140.7,35.0,18.5,18.4,24.5,19.419142732,33.0,23.440430054,326.7,31.9,16.0,15.673775387,5.3718755729
37029,Camden,9189.3889958,9.2705167173,15.5,88.099258498,44,62.047320135,8.8,18.4587,53.874469999999995,3433,56,12.005277045,3.476926765,75.929649942,413.91155868,,,31.137638736,,13.24801611,,,11.9,9.4,96.2,34.3,17.4,15.8,21.9,21.452563107,33.9,9.6774193548,216.5,31.2,12.0,10.919030733,5.4538662682
37031,Carteret,10599.324168,7.2217502124,15.3,111.69604821,50,84.943710664,7.5,61.27719,202.54256,2568,52,11.190555371,4.6667469051,75.610298921,469.87464084,56.121066687,,21.449719727,3.9236174927,14.455432868,16.451355938,47.715672429,11.8,9.2,133.0,31.6,16.2,13.5,20.0,20.961514078,33.0,12.843565374,288.3,30.7,14.6,14.363683394,5.4352268083
37033,Caswell,10423.128188,10.808876163,21.0,121.16066612,41,44.352568614,7.9,22.01286,70.15390000000001,2139,48,9.656777196,4.8294125615,74.412573947,524.95402768,54.743526578,,11.109879516,10.086428081,32.780891262,17.687688484,29.511147836,14.0,12.2,338.1,35.5,17.7,18.3,25.8,18.98087305,36.3,22.594567149,486.4,32.4,14.9,14.574728146,6.2590274434
37035,Catawba,11083.710082,8.6159407815,17.9,92.323580463,52,61.492435091,7.2,63.68915,274.53005,2376,48,11.509032105,4.2779578324,73.919751616,516.93448648,55.323966857,6.4593919559,16.394717955,6.5287695148,16.634946983,17.295118173,38.517627479,12.9,10.1,208.2,34.1,17.3,17.0,23.3,20.358774727,32.3,16.907592735,372.6,31.4,14.8,14.291057958,5.6198347107
37037,Chatham,7551.9065025,8.7284482759,16.1,91.83700244,59,72.746935833,8.3,93.72312000000001,178.86896,1648,48,13.226020577,5.2364624478,79.932654518,317.62804456,56.458381018,7.874015748,11.985325636,3.8107940742,18.101271853,12.594788906,30.406722027,11.8,9.9,186.5,30.7,15.6,13.8,20.5,19.593237558,30.1,9.4352248394,313.0,30.3,12.6,13.305886079,6.0495074514
37039,Cherokee,12641.295517,7.7192982456,20.1,129.19093315,38,98.324876625,7.4,41.14239,166.89476,1814,40,9.74130962,4.1197899838,74.248946833,526.36683988,97.522917886,,23.800386399,,21.919009261,23.489260572,49.001732154,14.6,10.6,132.8,31.5,18.7,18.2,24.4,20.125043734,32.2,23.804324088,142.3,29.6,17.3,16.007217425,4.8309178744
37041,Chowan,10587.934218,11.285266458,20.7,102.2332935,51,56.368543916,6.1,72.87567,158.37593,2200,48,14.513556619,4.9034722222,74.440706024,516.31291497,,,,11.231710181,19.400226676,15.838960964,33.753646599,14.2,12.2,107.8,39.4,17.8,17.7,26.0,17.87628975,37.8,23.887079262,581.1,32.8,16.7,13.453761122,5.9776737486
37043,Clay,10395.654813,7.0116861436,18.3,110.91939857,47,99.792587249,7.8,44.21257,151.71949,2272,44,18.349514563,5.8089455388,76.828852682,430.35224424,,,22.40827533,,15.230939114,21.12750449,31.950737772,13.5,9.6,134.7,32.7,18.3,17.9,23.7,20.916495893,33.1,27.041942605,146.4,31.0,16.3,15.349849347,6.3714902808
37045,Cleveland,12476.455436,10.528992879,20.9,102.69218974,50,64.254062038,7.3,43.84261,163.74361,3429,47,15.177962635,4.7998380981,72.02350536,612.23807906,62.970373455,7.9794079794,17.083827436,7.5347686102,23.763501001,15.736720629,27.327503466,14.5,11.3,272.7,37.8,19.4,20.6,27.2,18.40914522,36.4,27.781511852,575.1,32.1,16.4,13.302288266,4.9862222805
37047,Columbus,16521.376216,11.558282209,24.1,141.40973471,43,38.275092349,7.4,39.92654,167.59442,4056,41,14.300572023,4.7790830235,69.739990661,742.03933227,91.575091575,8.565834557,11.56129406,19.030753168,36.211294223,29.711087877,54.93404683,16.3,13.4,428.5,39.2,20.0,21.6,28.9,17.639127948,39.6,35.218298992,565.3,32.2,17.0,16.876602806,5.4232424677
37049,Craven,12560.091878,9.0869183494,19.1,124.45060571,53,87.81771247,7.4,74.49788000000001,326.20054,2499,61,14.782285997,4.3340113628,73.583646672,560.54007172,64.467158142,8.4754854629,18.390626289,6.8641390759,16.109714158,18.116227414,66.384614622,13.7,11.6,288.0,36.1,17.9,17.4,24.5,18.934775801,34.8,24.099429091,455.0,31.6,14.7,13.133002446,5.5165631007
37051,Cumberland,12884.378328,10.174018616,18.7,114.29184985,37,87.134628713,6.5,70.63915,465.53612000000004,3102,38,18.292585491,4.3235955056,72.851337042,590.52949231,86.169179712,8.7574090885,16.659932328,12.927622863,18.920560614,22.667485878,54.929201811,13.0,12.2,564.0,39.6,17.1,15.7,24.5,17.780233295,42.1,24.21921355,1152.1,31.9,16.3,13.370378064,4.336056064
37053,Currituck,6917.8533778,7.4987905177,14.4,74.020269102,46,86.658362989,8.8,26.978720000000003,82.29671,3386,45,11.168224299,3.8926533353,77.144755739,390.02795299,,,17.120577346,,12.7100333,12.452007886,34.551939367,11.3,9.0,114.8,33.2,16.0,13.7,19.7,22.095152119,31.3,10.249402118,170.9,29.2,12.1,11.336332363,5.8603491272
37055,Dare,8306.9062774,6.2328139322,12.3,110.25535354,50,66.151970744,7.9,58.16105,215.16662,1460,44,13.708149084,4.1639159185,78.170651817,364.05271763,36.237852084,,15.82108981,,8.1111772022,13.38050407,46.766494013,10.1,8.2,95.6,29.5,15.0,11.2,17.6,24.297296293,28.1,11.695906433,192.3,29.7,12.3,12.701521086,5.7492014998
37057,Davidson,12216.701491,10.006492453,17.9,117.63594274,48,64.157343278,7.1,28.12989,126.42731,3185,46,11.390609838,4.236292195,73.31963788,556.89681023,57.187612666,6.9105691057,18.01898105,4.5876547909,17.755923172,16.653281051,58.931773788,13.2,10.3,237.9,34.5,17.5,17.4,23.1,20.208920052,33.9,19.727504967,415.4,32.8,15.3,15.104207629,4.7208506414
37059,Davie,9312.3777364,8.2489146165,17.4,105.77953512,55,66.711931073,7.4,41.34794,103.14133,2285,50,12.714460784,3.8535782456,76.350943987,424.6054779,70.630376107,,12.866669417,4.3195539562,11.961841725,12.471822919,40.486139226,12.9,9.7,110.8,34.0,17.8,16.3,23.0,20.963880883,33.5,13.767629281,238.1,29.8,14.8,12.198986058,4.9252788887
37061,Duplin,11990.440269,8.9430894309,22.6,102.95878728,42,27.223647747,7.2,22.6734,74.71729,3162,46,13.745271122,4.4357003257,73.751902533,551.3414728,77.844417317,8.1284291811,11.831028095,6.3791132522,32.916224381,15.334287467,31.989967946,14.8,12.6,335.7,39.4,18.1,17.9,28.4,17.489361341,35.4,37.289871149,718.5,32.6,16.5,19.18651818,7.3512154233
37063,Durham,7259.3175634,9.029822313,14.2,79.109102226,57,90.662278771,8.0,119.58568,771.7606800000001,2295,52,15.71633022,4.4889165347,79.186138445,337.74661256,64.594399633,5.8269065981,8.7298165998,11.863396116,10.52541911,15.452439423,31.943633178,10.1,10.2,637.3,32.5,13.9,10.6,19.1,20.635670417,33.7,14.550124451,811.3,31.6,12.2,12.347014177,4.9628284
37065,Edgecombe,16248.145498,13.01502666,23.0,142.25034467,45,67.316973415,6.9,39.289480000000005,73.72215,3131,49,17.471443406,4.9976649154,70.482550684,701.1394012,113.96707166,11.844331641,12.654088782,17.925614302,33.610526817,27.892224445,46.78314993,14.9,14.3,709.8,40.5,18.5,18.9,28.6,15.843537371,38.4,30.809448231,1511.4,32.3,16.4,13.634117602,4.7014094955
37067,Forsyth,9571.269441,10.616850389,16.5,98.650097895,54,80.839541023,6.8,113.87128999999999,389.90026,2794,50,15.187520743,4.6186132687,75.848426857,440.6873862,67.865540452,8.775054237,12.437992833,8.9963519793,12.182559972,16.406959259,39.70572876,11.9,10.6,521.9,31.8,16.2,14.5,22.0,18.100917455,34.2,16.797730691,635.5,29.8,14.5,14.252799062,4.344069128
37069,Franklin,9622.1075892,9.1335740072,17.9,102.99820457,53,63.918743529,8.5,12.55178,140.25792,3149,44,12.580961727,4.1830806846,76.316228023,435.64922498,60.817561795,6.7771084337,18.185058454,6.1700591709,23.651893488,18.854862585,32.095221938,12.8,11.2,236.4,38.0,17.3,16.2,23.7,19.361731921,37.4,16.26610012,450.8,32.5,12.6,15.024335031,6.4011206529
37071,Gaston,11888.859086,10.210016155,18.1,92.623971259,51,74.436152898,7.1,52.413630000000005,301.80154,3752,46,14.908127607,4.6921491406,72.983767606,570.19365379,70.323488045,7.1800493286,17.020870005,6.6617560008,15.670987926,17.559046684,39.32687428,13.3,10.9,400.4,36.5,17.7,16.8,22.9,20.311071606,38.1,20.967741935,624.2,31.1,14.4,13.513379619,5.0621071535
37073,Gates,11365.864398,9.5166163142,18.9,108.40500108,44,26.942164535,7.5,,,3109,47,13.164251208,4.0758988527,74.570263049,516.86087634,,,,,42.10794947,21.681000217,31.043367585,13.4,11.5,154.5,37.3,18.2,17.5,24.7,18.974856746,37.3,16.084558824,250.4,32.3,14.3,10.704131126,4.7687861272
37075,Graham,11940.546655,8.3056478405,19.0,96.567041669,32,100.0,7.7,37.29952,99.3542,1917,38,10.158730159,4.5561888912,74.515406192,548.06905284,,,,,,,40.82132506,14.3,10.4,,34.0,18.9,18.7,23.7,20.965142311,34.3,37.197768134,263.2,31.2,16.8,19.741026806,7.0317361543
37077,Granville,9719.9300348,10.135940854,19.1,92.151390633,47,47.652151102,7.7,51.62456,395.54927000000004,2849,44,13.748225272,4.8581583916,75.579486222,472.32693189,59.377080447,,16.335266433,5.4306634146,22.667116861,17.708808164,32.542372881,13.1,11.8,477.6,37.5,16.9,16.7,23.9,18.733120166,36.6,17.636086145,568.6,32.7,13.2,14.451014954,4.9516716844
37079,Greene,9574.0307253,11.218836565,24.7,89.736291093,48,75.174808078,7.8,14.693639999999998,63.32197,2736,49,16.076696165,4.0283889594,74.865428194,497.50701975,72.375013918,,10.583651107,10.28665478,21.94486353,15.438501693,22.743518097,15.7,13.8,409.4,41.2,18.6,20.4,29.5,17.286612002,40.9,25.27357999,762.0,33.2,17.0,21.92800993,7.3673364245
37081,Guilford,9266.7333887,10.205060559,17.7,97.597074829,52,89.519470755,7.7,80.75072,353.54068,2468,48,15.224236641,4.6303901437,76.246124474,424.53594077,64.363028878,8.5700757576,11.229561833,10.458467744,13.313202562,17.000780777,38.243570415,12.2,11.0,540.0,33.5,17.1,14.9,23.8,17.860905417,36.3,11.77823398,807.7,30.0,13.7,12.457610466,3.8601826234
37083,Halifax,15814.706228,13.881401617,25.2,130.79700873,45,51.867467402,7.0,47.64667,175.48310999999998,3306,51,18.827930175,6.0637506414,70.414980128,695.00364278,104.74403177,10.520778538,15.220853222,18.038189424,29.777328573,29.246536113,36.40134891,15.8,14.5,409.4,41.2,19.1,20.0,29.8,15.596565512,39.6,33.415233415,1040.8,35.4,17.6,15.133389161,4.8602193026
37085,Harnett,10063.549892,8.506239951,19.5,102.48575609,47,69.558576905,7.5,27.212690000000002,110.9721,3982,40,13.191715348,4.3032535083,74.550370405,514.76044035,52.577600644,6.2221539407,14.636069633,7.9307927303,21.36026842,17.00765051,41.276562682,13.8,11.5,300.4,39.4,17.8,16.0,25.2,18.537040449,37.5,18.690705078,497.0,31.0,14.9,14.774536131,5.1278488049
37087,Haywood,10919.559839,9.1920529801,15.7,127.10304311,49,72.439562563,7.8,68.82642999999999,406.54925000000003,2375,44,14.053030303,4.404026698,74.560685099,498.66595549,71.590746385,6.9948186528,20.535829073,4.1464049517,16.355263976,16.648257536,40.413278953,11.9,9.2,150.9,31.5,15.5,14.3,20.7,20.335073881,31.5,17.332549941,201.2,30.2,15.3,14.4188259,4.832155477
37089,Henderson,8874.5781303,8.43156289,15.9,110.80002383,51,72.016064533,7.5,87.30709,275.09855,1369,50,11.716817807,4.195447207,77.360173363,384.4053953,55.606265672,5.6202878684,18.944148628,3.1805759778,12.23298453,14.977576186,31.693927217,12.0,9.2,183.7,33.9,16.5,15.0,20.7,20.928132677,34.4,17.736769135,225.2,29.1,14.6,16.280109799,5.6644295302
37091,Hertford,13850.63179,11.354019746,25.2,99.469790492,30,55.076095026,6.9,61.09597,267.31095,3037,49,16.130988478,4.8069800224,72.217726441,611.43861513,104.35819709,,,18.675415061,26.768094921,24.867447623,22.984630943,15.5,15.0,501.0,43.4,18.7,20.7,30.6,15.975365602,42.9,17.196456488,876.6,33.8,15.6,14.239514907,5.147864184
37093,Hoke,12067.008587,9.506638256,20.8,98.63270866,41,60.877078453,7.2,20.71017,203.87172999999999,3483,43,17.170290878,5.0625721133,72.722518981,560.77096669,101.14259526,7.8626444159,13.538299874,14.995777505,26.308381587,24.199846734,36.256152792,14.0,13.0,421.8,35.6,18.0,16.6,26.6,18.308117538,39.8,24.485001807,845.9,33.0,15.7,14.264311131,4.1560761146
37095,Hyde,8577.9190885,9.2369477912,25.4,112.06109405,32,54.499891044,3.6,22.18279,21.7061,2150,43,19.0,3.5433249035,77.854281082,406.35981705,,,,,,,,16.3,13.5,268.5,39.2,18.8,22.1,30.5,17.947434971,38.0,22.113022113,327.8,32.6,21.6,22.569938359,7.8729281768
37097,Iredell,8077.4468302,8.8300383594,16.0,74.849337599,50,66.800040709,8.1,67.71961999999999,261.87973,2971,52,10.961715378,4.2127203364,76.553302242,405.23449164,49.918948804,7.2017224738,14.471214213,4.4444340481,14.81478016,13.813397068,21.267879401,11.9,9.7,142.9,33.5,16.9,14.5,22.2,20.249192308,30.9,13.388879524,367.5,32.6,12.8,11.718176357,4.9634551495
37099,Jackson,10730.462681,9.1206543967,17.0,104.74908459,48,98.492194205,7.6,71.41212,475.61359,1923,40,16.094674556,4.7229921983,76.326940899,462.65935856,27.629166353,,19.012292288,3.6318373465,14.857516418,12.40449686,51.381156153,13.2,10.1,112.7,32.4,18.1,16.1,22.2,20.026113142,34.0,11.375947996,549.4,30.6,17.0,18.107863814,7.3024054983
37101,Johnston,8163.1657272,8.3719902805,18.0,85.999438296,51,96.824985301,8.4,26.93109,113.65749999999998,3758,45,12.986074619,4.2844518749,76.453118623,406.1543278,49.394809809,5.741572395,13.561727264,4.3310550179,17.324220072,13.124780871,27.895526089,12.9,11.0,239.6,36.2,17.4,15.9,24.1,19.015334947,35.5,15.405157639,420.4,30.6,12.7,15.688835192,5.3039994614
37103,Jones,12786.449306,7.5642965204,21.8,102.57725349,50,64.587876145,8.0,64.82982,42.54867,3406,57,13.35978836,4.654438599,72.367148714,583.27463492,,,,,27.175554079,,,14.6,12.3,248.0,38.2,18.9,19.1,27.7,18.784820322,36.9,22.144522145,541.5,32.7,16.0,16.054343666,6.0483870968
37105,Lee,12121.693985,9.8699871818,20.5,112.6276182,50,64.304337521,7.1,51.45156,217.71873,2916,46,14.550042052,4.3254835997,73.748946311,552.88785986,69.927943814,8.0087368038,12.377807139,9.649759675,23.894643005,18.718392883,53.134132429,14.3,11.7,322.9,38.4,18.1,17.2,26.7,18.433584124,39.1,23.295370507,528.4,32.5,16.3,16.444479297,7.0202212896
37107,Lenoir,14784.922929,12.0268757,23.3,124.91696271,49,78.075904358,6.1,56.66654,176.70096999999998,3162,50,16.933889743,5.0389372916,70.906473993,680.27138045,93.717267866,12.045505242,10.980117038,15.338442739,21.985101259,22.022932733,35.138950315,15.2,13.6,544.5,40.4,18.9,19.2,28.5,16.288682461,41.4,31.676198856,1145.8,32.5,18.1,15.926575786,5.3704907377
37109,Lincoln,8826.2761746,8.2525839793,17.2,80.999584792,53,67.583227739,7.8,43.49281,86.75203,2918,47,11.501550273,4.6036408138,76.165690489,433.08043102,46.830326333,5.441055235,15.797835061,3.144060869,17.044119448,14.520933968,32.119677179,12.9,9.7,106.3,33.2,17.7,16.4,23.1,21.107940812,34.4,18.70251315,297.5,32.3,13.6,12.045227565,5.3843837816
37111,McDowell,10421.91577,10.073196236,23.2,103.74588879,46,61.559513661,7.7,33.544290000000004,211.61428,2171,46,9.3080724876,4.0766046365,74.290031176,530.75631545,33.388124101,,14.864188072,6.629855185,12.628295591,16.775930954,39.18611185,16.0,11.0,95.2,33.3,19.8,22.8,28.0,20.130602199,36.3,22.826086957,241.3,32.0,16.8,16.572365084,4.6997097566
37113,Macon,10667.061914,9.8504837291,17.4,133.50404342,49,100.0,7.5,55.90459,223.88836999999998,1984,44,12.878787879,4.8224413743,75.355203202,470.2289418,54.178518218,,22.910759402,4.7642869054,21.439291074,20.79161332,41.210144863,12.9,10.0,180.0,31.3,16.8,15.7,22.8,20.384309252,32.6,23.699599877,239.1,31.6,16.7,19.473052695,6.7882901994
37115,Madison,11508.655702,7.8136739294,18.5,114.25622881,41,88.444297645,7.4,55.80875999999999,212.94912,2192,37,12.741545894,4.8495917852,74.713652253,501.99679649,62.315884886,,16.290702941,,20.446660599,12.899896801,38.455622212,13.6,9.8,130.1,31.9,17.6,18.4,23.1,20.876557025,32.0,17.17921527,275.6,30.9,15.8,12.518171539,4.9275362319
37117,Martin,14542.764691,12.680477087,23.3,113.0699858,49,69.170713994,7.3,41.371700000000004,121.22908000000001,3918,52,13.066954644,4.544252845,71.137415952,651.01984415,113.21531494,12.322858903,11.755113161,10.861786956,20.445716622,18.995757614,39.731051345,15.3,13.3,357.4,38.5,19.3,19.7,28.4,17.211977539,38.9,27.416038382,832.2,33.0,17.0,15.27582572,5.5134390076
37119,Mecklenburg,6928.6760736,9.6241457859,15.5,63.722243152,54,88.737872955,8.3,92.75793,417.80492,2343,47,15.330838461,4.4408691801,78.815017433,334.07200019,56.596808535,5.4812795453,9.5654698124,9.0655828316,9.5052829975,13.783572909,23.376228025,10.9,10.6,692.5,34.1,15.6,12.9,18.9,20.825745032,38.6,16.695884131,867.7,31.0,11.8,13.310966848,5.6340012106
37121,Mitchell,10459.259312,8.543263965,16.7,125.49731649,43,100.0,7.6,46.78206,126.67511,2222,41,8.9285714286,5.0520108001,74.059983163,536.05004519,,,20.779617129,,16.175071361,21.361245361,35.604610797,12.9,9.5,114.0,34.1,18.0,16.4,22.6,21.269864664,32.8,22.382094325,178.9,31.9,16.7,13.560525382,4.7536433033
37123,Montgomery,14448.352327,9.6843231675,19.6,125.2118104,46,89.14605258,7.3,27.13389,145.67759,3624,48,11.855104281,4.4934880722,72.271910146,625.47992477,59.89936906,,14.40926703,9.5629213662,30.813857736,22.493139592,54.47865197,13.7,11.4,229.5,37.5,17.7,17.1,25.5,18.711343589,35.8,20.331453955,440.3,32.4,16.0,19.777040852,6.5134099617
37125,Moore,9155.665447,7.8309584703,14.2,99.372466785,54,79.775787901,7.9,110.93487,273.15758999999997,2479,53,12.846409656,4.218961234,76.952004172,414.90273409,56.139475408,5.6448644005,17.040130967,4.4018584362,19.453374379,16.627282828,33.050319914,10.8,9.2,163.7,32.1,15.4,12.6,18.0,20.583762299,32.7,15.018373542,354.4,28.9,13.1,12.59241262,4.2593528817
37127,Nash,11978.98828,11.014453961,20.9,103.34543951,54,78.539538802,7.8,50.432880000000004,155.35831,3837,50,16.117411608,4.4227362956,73.536759314,547.40967798,68.323048726,7.6417750369,12.117991556,12.384200177,20.992729568,18.5599973,36.036162114,13.7,12.2,394.7,42.1,18.0,18.1,27.2,17.890724392,37.3,22.081866834,780.9,32.3,14.2,16.980715442,6.1964902323
37129,New Hanover,8454.0152961,8.7854277635,13.5,95.34832121,58,95.362026034,7.5,92.1325,592.41706,2095,56,17.240674502,4.7257904028,77.610564982,386.67755352,45.531350865,5.5472166025,15.521922865,6.6749898021,11.804843076,14.135195867,40.824949468,10.6,9.1,297.2,32.4,15.5,12.5,18.2,22.752083999,32.1,10.103734067,472.9,29.4,14.1,12.677480572,4.7953216374
37131,Northampton,14714.148572,12.426035503,22.5,119.36411481,43,22.431457844,8.2,11.6761,95.72241000000001,3060,52,17.782285328,6.5976814337,71.999271572,612.460748,86.605080831,,23.559199229,15.907042275,30.299128143,30.38359286,26.417088082,14.5,13.9,352.6,40.3,17.6,18.2,27.3,16.34216128,40.1,27.541652499,899.9,34.6,14.7,11.980609418,4.5159083134
37133,Onslow,10504.842311,7.1163825056,16.9,85.881649165,43,56.438194119,6.5,31.043850000000003,288.75494,2421,41,14.831395769,3.8325182577,74.122873459,543.83337421,64.688833941,5.279366476,21.448902348,4.8778703218,13.77281032,16.781471676,35.795212512,12.5,10.6,186.0,32.1,16.4,15.3,23.0,19.784702507,38.6,34.550919282,882.8,31.2,15.7,11.746555114,4.5882960216
37135,Orange,5802.0210001,8.2460248983,12.1,57.608881459,64,83.382202615,8.6,182.02089999999998,829.8700100000001,1330,52,17.367892671,5.7702391031,81.579122641,253.51102347,49.639776219,7.6335877863,9.9023650804,4.0789252615,7.8664987185,8.2106116098,19.6236715,9.6,8.7,245.1,26.3,13.7,10.2,16.3,19.336183624,30.6,3.8375858777,445.9,28.7,12.3,9.3918752381,4.2748456211
37137,Pamlico,13807.723587,8.9850249584,18.2,155.9615507,55,76.197458456,7.8,32.40441,120.74378,2439,61,12.109375,5.5233270901,73.754228736,556.93085982,,,19.24853814,,20.374436873,15.914443949,90.811965812,13.0,10.9,222.8,36.6,17.1,17.2,24.1,19.443095776,34.7,18.250134192,331.2,30.8,15.1,14.318442153,5.9966685175
37139,Pasquotank,11395.204483,9.7063369397,18.2,99.209301864,44,55.681818182,7.5,56.34355,263.0055,3044,51,14.973439575,4.0315650421,73.795125955,525.34853464,110.90386651,7.3037127206,10.576276339,12.090995409,15.291553017,18.353720845,43.396025579,12.8,11.4,298.4,36.0,17.5,16.1,23.9,19.173291,36.7,18.526591107,613.1,31.5,13.3,11.770190472,5.0340909091
37141,Pender,9267.4772165,8.3956043956,17.7,97.034024714,50,61.518528977,7.9,33.431509999999996,163.45354,2008,50,13.24210991,4.2204062155,75.668466856,445.08650081,61.425061425,6.4473099155,19.264908726,5.929399101,21.893165911,18.527532227,34.674961055,12.9,10.1,183.7,31.3,17.3,16.5,23.3,20.71073794,32.9,14.983611675,260.1,30.9,13.8,13.85878834,6.0495867769
37143,Perquimans,13273.443934,7.7791718946,17.0,116.60587215,48,86.182237601,7.9,15.232289999999999,67.27966,2304,54,14.995640802,4.5936143342,73.677203797,527.37200829,92.233905184,,14.474034081,,17.075591509,,57.489939261,12.5,10.6,173.4,33.8,16.6,14.7,21.9,19.507964949,34.2,23.489932886,363.4,30.6,15.5,13.040985956,6.9877615476
37145,Person,10159.373872,11.358274351,21.7,109.40309469,53,44.74767885,7.5,35.78092,108.21149,2715,49,14.819466248,5.1236256923,74.848671178,507.7824767,45.151823005,8.1494057725,15.710387992,9.0550510886,18.110102177,24.818294629,27.862679208,14.7,11.9,329.0,40.5,19.2,20.1,27.3,19.766948049,37.8,24.724179184,548.4,31.7,15.7,12.790086698,5.66014965
37147,Pitt,10748.322995,11.586514972,17.7,88.60991509,50,90.137039408,7.2,113.84163000000001,486.5263,3418,52,18.91473958,4.8976800034,74.940596903,495.49329204,90.599107187,11.203897008,10.948369319,7.627134293,14.290841096,13.831243091,39.157452685,12.5,11.6,458.5,37.3,16.0,13.6,23.7,18.231809472,36.1,14.296153342,1200.3,32.8,15.6,12.545399801,4.5093194392
37149,Polk,10656.535167,6.6265060241,13.2,127.44223436,47,60.953021523,7.9,76.31258,224.32702,1736,47,10.063990692,4.951221469,76.525709274,442.07821995,,,26.9713749,,13.995899202,23.527797112,31.31592827,10.4,8.3,139.6,32.2,15.3,11.9,18.7,21.052266638,30.3,15.398550725,135.1,30.5,15.4,14.358776416,5.7274119449
37151,Randolph,12479.039103,9.1485257647,21.2,132.95701379,49,56.32547461,6.9,42.70796,125.45945,3273,43,13.442740561,4.1646270723,72.923887334,557.0934896,73.680481757,8.7244007714,18.130234623,4.6558255274,21.000744932,16.325627084,65.860128691,15.0,10.9,202.7,32.5,19.1,19.5,27.6,19.528074911,35.7,20.414068025,384.1,30.8,16.1,16.463781532,5.2954442941
37153,Richmond,17666.001239,12.130557697,21.7,127.98906855,45,33.290644065,6.3,21.065440000000002,264.62527,3759,51,18.078575813,5.4714789589,68.747566383,783.14617848,136.6181411,11.583011583,7.1479068431,16.166214552,22.632700372,18.674561603,77.021427361,14.8,12.8,443.6,39.8,18.7,19.2,27.8,17.653550885,37.9,37.304708258,864.9,31.7,18.2,15.911013365,4.0623758443
37155,Robeson,18937.527286,11.667728576,27.2,178.91232816,39,40.257444435,6.4,50.71865999999999,287.99046000000004,5148,43,15.802556818,5.8415841584,67.946062542,825.20221056,103.45422151,9.5444337504,12.982349995,27.712734506,41.400805801,32.776610611,88.707677897,18.3,15.6,495.6,41.9,21.1,25.0,33.1,14.739042003,40.1,36.29969419,1164.9,34.3,20.4,20.054062593,4.7142596312
37157,Rockingham,13516.305317,9.7503160556,20.7,140.06768842,52,70.846140335,6.7,30.679550000000003,155.64539,2944,42,12.827949901,5.1011446886,71.943529126,623.62227923,53.28112609,7.545983336,18.360279534,8.6132644272,19.888810586,17.097464315,65.571859472,14.6,11.8,227.5,37.8,18.5,18.4,25.7,18.291857933,38.1,21.592135917,398.0,31.7,17.0,15.169286691,4.8826487846
37159,Rowan,12311.857797,9.9838245866,19.2,127.82599082,46,66.485787234,7.2,34.424569999999996,260.44928999999996,2875,42,13.391006578,4.4845364713,72.664422403,580.41676734,60.537800929,6.5178571429,17.343611806,9.6592668716,19.418113814,19.89939749,59.506234527,13.6,11.3,312.3,33.9,16.6,16.8,24.9,19.199639621,31.8,21.023327254,608.1,32.4,15.6,14.016318088,4.6488684266
37161,Rutherford,13777.651332,10.499669822,20.6,123.15419995,47,33.806095214,6.9,44.90137,195.39896,2434,42,14.271938284,4.245745614,71.868472251,637.21135526,59.867948411,7.858546169,19.463099846,4.0996694372,20.929891337,17.247639797,52.383979657,14.9,11.0,121.2,36.7,19.6,19.8,25.9,19.086716902,34.3,23.946288698,351.0,32.5,18.4,14.456100404,6.1638220168
37163,Sampson,12311.650074,9.6825678312,23.4,107.24155918,48,59.963412155,7.6,42.38006,63.75731999999999,3092,46,13.815789474,4.8381684249,72.732589349,573.87437168,68.698094773,6.7555555556,6.8896348341,9.4208909405,30.790228928,13.283697663,28.651400613,15.2,13.3,330.5,38.5,18.3,19.7,30.9,17.452653533,35.6,33.531561224,620.8,32.0,16.5,21.137939423,6.0917884338
37165,Scotland,16834.590939,14.611072179,25.4,132.63137166,36,64.156961433,6.2,58.433400000000006,221.08447999999999,4633,55,19.279574294,5.3453589774,69.485470842,739.8010955,93.209806801,9.1093117409,10.373204394,22.222588026,28.395529145,29.537991069,53.384582533,16.6,14.8,496.3,41.1,19.8,21.3,30.3,16.236151655,41.3,38.541811604,1047.9,32.3,19.4,14.356558393,3.9575416066
37167,Stanly,10232.764578,9.4173163726,18.3,108.01462157,46,67.954050941,7.9,37.83997,220.70351,4136,50,13.094986249,4.6686188193,74.088331901,519.39781017,52.939814049,7.476635514,14.526436921,5.0231636341,19.407677677,15.52116263,38.78061179,13.2,10.3,203.9,34.3,17.9,17.5,23.8,20.109204458,35.7,20.570821315,408.4,31.4,15.3,15.221579961,5.5824391612
37169,Stokes,12066.980046,8.6751361162,18.2,131.99193039,46,65.725516622,7.6,26.934209999999997,74.67276,3629,44,12.170439414,3.9122974611,73.662957863,543.08932825,54.531573781,,12.43189202,3.7695190408,20.418228138,16.774894164,62.00589056,13.4,9.9,111.5,33.1,18.2,18.4,24.3,21.641608427,33.0,16.195767821,210.3,31.9,15.7,12.161394203,4.9781558979
37171,Surry,10741.719631,9.149460125,20.8,124.31244046,50,47.5665298,7.3,56.21767,149.72993,3136,42,11.868554449,5.0837696335,73.671789697,534.09168823,59.192253404,5.9398352175,14.047999829,5.7733732028,19.709101623,14.526397537,38.275189275,14.9,11.1,161.9,35.3,18.3,18.7,25.7,19.379384409,33.7,23.64243374,289.9,33.4,17.9,16.396545031,5.1511033456
37173,Swain,19176.993616,8.6956521739,22.3,152.54668211,37,97.017779982,7.3,63.66723,416.78643,2627,32,13.714804723,5.5041349192,67.330724396,901.14768151,108.87711403,,26.748674859,10.056517629,17.096079969,24.011977739,63.856960409,16.1,12.0,102.1,36.8,20.5,21.3,27.0,19.57306998,36.2,38.845331433,436.7,33.4,18.2,23.607780442,8.4478712705
37175,Transylvania,7664.9214692,8.4619782733,14.1,102.58345223,53,84.478263506,7.9,66.33499,333.84004999999996,1688,49,11.264612115,4.7631558877,79.089114976,356.34186289,67.195833858,,15.024732771,,10.546031317,11.201641335,17.818606585,11.3,8.8,130.6,32.8,16.0,13.3,18.8,21.431378931,32.0,15.284609979,191.9,29.2,15.0,15.552044936,7.0563753311
37177,Tyrrell,9472.8436931,4.3137254902,20.1,124.05609493,32,91.771956857,7.6,,28.89338,2930,38,13.074204947,4.0502657329,76.044515321,502.21728964,,,,,,,,13.5,12.3,,37.0,16.7,16.3,25.7,18.444493115,37.0,25.38071066,356.6,32.7,15.8,19.033760186,7.3871409029
37179,Union,6695.6725976,7.7663068982,13.9,56.222058997,51,70.721921206,8.4,68.5415,147.39600000000002,3148,47,10.149729213,4.1614049714,78.458357437,327.31429777,37.690920363,4.3846655211,9.2792340092,3.8299983423,11.250620131,9.0680740318,19.53125,10.7,9.5,151.2,31.1,14.8,11.5,19.4,21.452547803,31.7,8.6805308095,387.4,28.4,10.5,12.769822328,5.1321459784
37181,Vance,16711.242726,12.457649205,23.1,132.47279495,47,66.177368594,7.6,37.92817,297.8653,3033,39,16.246498599,4.6391398047,70.064258836,726.56970311,108.52232459,8.8587806149,10.276181904,24.786946411,32.288259141,29.336535905,44.946954844,14.7,13.6,541.0,41.2,18.7,19.1,28.5,16.239207386,41.0,35.863302205,1395.4,34.2,16.2,15.961753812,6.0076351216
37183,Wake,5322.47904,7.7711662321,12.6,54.507925551,59,98.552695655,8.5,86.41945000000001,429.64861,2399,49,12.659157399,4.4759623063,80.990179739,254.00899327,45.217300342,5.4074502648,9.2512111405,3.3288109487,7.8529092265,7.7540438487,19.464953828,9.4,8.9,367.2,25.6,13.6,9.7,15.8,20.507187711,31.6,8.9600202335,516.6,29.5,11.1,10.111198112,4.3761062584
37185,Warren,14444.994832,12.051282051,25.2,124.30724608,43,29.079497908,7.6,5.3299199999999995,116.79762000000001,2481,43,11.829347123,4.9831872099,72.997202267,588.754097,107.18113612,,15.189962735,13.20374106,30.80872914,22.789661781,35.089566118,15.9,14.5,419.1,42.0,19.8,21.7,30.6,16.089939819,41.4,24.219433907,742.8,33.1,17.3,17.985766659,6.21729763
37187,Washington,16100.039388,11.884753902,24.4,104.15931078,38,92.093065528,7.6,45.90525,102.67899,3243,47,20.546558704,5.520504934,71.173433446,653.97261327,111.85682327,,,,24.736861634,21.184944566,,15.5,13.8,450.5,41.0,19.6,20.1,30.0,16.294142168,40.4,35.159817352,877.4,32.8,17.7,14.67410875,5.7931034483
37189,Watauga,6649.3422664,7.6855895197,16.2,64.774763752,52,86.600968827,7.9,79.28606,524.22006,1814,44,21.052631579,6.5434559499,79.380888249,309.36317434,27.533622789,,16.66150767,,9.5624778706,10.076074361,21.717622644,12.6,9.9,69.0,33.7,16.7,14.3,20.6,21.107332736,32.1,2.8131793189,575.4,31.5,15.3,13.465818262,5.5236411843
37191,Wayne,11853.559434,10.210050518,19.5,97.937521817,47,86.239165452,6.9,51.35447,282.25739,3294,48,15.472626176,4.2570883315,73.237730456,562.09209733,84.107626023,7.8222222222,12.820239189,10.670869348,18.410181182,15.881760295,26.809052523,13.3,12.2,359.5,39.1,17.8,16.0,25.5,17.445934823,35.7,28.31724399,814.2,31.8,16.0,17.328662808,4.7419457962
37193,Wilkes,12046.845182,9.9703012304,20.6,115.86383919,49,66.519122618,7.3,37.99046,242.3765,2235,45,9.7927746195,3.9927342409,73.660016419,562.76773423,67.795461094,7.3808519612,19.822268351,5.6971881212,21.944724615,16.933945728,32.559747136,15.0,10.6,133.3,35.2,19.2,18.8,25.3,19.971151262,34.3,29.513108614,237.1,32.1,17.5,16.285492131,5.3054179799
37195,Wilson,12402.956136,11.781076067,24.3,99.986817658,51,92.51497766,7.6,39.55646,219.07053,3215,48,15.744215134,5.5804742554,72.643295825,585.75927424,70.427755949,9.6566523605,13.160417106,10.258496423,17.863933426,16.415746183,38.10768142,15.6,13.7,582.3,39.2,19.4,20.8,30.0,16.036854605,38.1,24.320069486,1052.9,33.3,16.5,15.587195026,6.0826574825
37197,Yadkin,12329.716173,10.253499811,19.8,120.53976212,48,51.601547805,7.5,24.19875,95.30365,2810,47,10.822656777,4.6435284747,73.586193213,530.0305817,91.653608491,8.3333333333,19.996965046,4.185756252,22.831397738,20.267747613,43.640897756,14.5,10.7,121.1,36.1,18.4,18.9,25.6,20.652969238,33.8,24.585557741,234.9,32.6,15.6,15.713046258,6.7772814295
37199,Yancey,8896.6118694,8.9430894309,16.8,110.2150831,42,100.0,7.8,58.64477000000001,237.61748999999998,2007,40,11.87664042,5.2323002559,75.98610259,466.42275485,,,24.273972309,,20.462612446,20.733530484,26.945946431,12.8,9.8,60.7,32.3,16.7,15.0,22.2,20.848247008,32.0,25.547445255,127.6,31.0,16.7,15.122746452,5.4054054054
